{
	"type": "GenericSmelter",
	"outputItem": {"item": "iporox", "amount": 1},
	"size": 3,
	"hasPower": true,
	"hasItems": true,
	"craftTime": 110,
	"updateEffect": "smoke",
	"consumes": {
		"power": 2.5,
		"items": {
			"items": [
				{ "item": "scrap", "amount": 5 }{ "item": "coal", "amount": 9 }
			]
		},
	},
	"requirements": [
		{ "item": "coal", "amount": 300 },
		{ "item": "graphite", "amount": 180 },
		{ "item": "icomcoal", "amount": 350 }
		{ "item": "thorium", "amount": 150 }
	],
	"category": "crafting",
	"research": "multi-press"
}
