{
	"type": "GenericSmelter",
	"outputItem": {"item": "ivcomcoal", "amount": 1},
	"size": 3,
	"hasPower": true,
	"hasItems": true,
	"craftTime": 42,
	"updateEffect": "smoke",
	"consumes": {
		"power": 2.5,
		"items": {
			"items": [
				{ "item": "icomcoal", "amount": 5 }
			]
		},
	},
	"requirements": [
		{ "item": "copper", "amount": 150 },
		{ "item": "graphite", "amount": 90 },
		{ "item": "titanium", "amount": 150 }
		{ "item": "thorium", "amount": 60 }
	],
	"category": "crafting",
	"research": "multi-press"
}
