{
	"type": "GenericSmelter",
	"outputItem": {"item": "icomcoal", "amount": 1},
	"size": 3,
	"hasPower": true,
	"hasItems": true,
	"craftTime": 16,
	"updateEffect": "smoke",
	"consumes": {
		"power": 1.5,
		"items": {
			"items": [
				{ "item": "coal", "amount": 5 }
			]
		},
	},
	"requirements": [
		{ "item": "copper", "amount": 25 },
		{ "item": "graphite", "amount": 40 },
		{ "item": "titanium", "amount": 50 }
		{ "item": "thorium", "amount": 25 }
	],
	"category": "crafting",
	"research": "multi-press"
}
